Workbook

Sheet Data 1
A1: 200 | B1: 0.00842 | C1: 0.00058 | D1: 0.01625
A2: 201 | B2: 0.01208 | C2: 0.00093 | D2: 0.02323
A3: 202 | B3: 0.01624 | C3: 0.00156 | D3: 0.03092
A4: 203 | B4: 0.01982 | C4: 0.00267 | D4: 0.03697
A5: 204 | B5: 0.02272 | C5: 0.00432 | D5: 0.04113
A6: 205 | B6: 0.02551 | C6: 0.00612 | D6: 0.0449
A7: 206 | B7: 0.02842 | C7: 0.00772 | D7: 0.04912
A8: 207 | B8: 0.03136 | C8: 0.00933 | D8: 0.05339
A9: 208 | B9: 0.03405 | C9: 0.01119 | D9: 0.0569
A10: 209 | B10: 0.03635 | C10: 0.01326 | D10: 0.05943
A11: 210 | B11: 0.03831 | C11: 0.01524 | D11: 0.06138
A12: 211 | B12: 0.04004 | C12: 0.01696 | D12: 0.06313
... A1801: 2000 | B1801: 78.06902 | C1801: 65.07726 | D1801: 91.06079

Sheet Data 2
A1: 200 | B1: =100-'Data 1'!B1 -> 99.99158 | C1: =100-'Data 1'!C1 -> 99.99942 | D1: =100-'Data 1'!D1 -> 99.98375
A2: 201 | B2: =100-'Data 1'!B2 -> 99.98792 | C2: =100-'Data 1'!C2 -> 99.99907 | D2: =100-'Data 1'!D2 -> 99.97677
A3: 202 | B3: =100-'Data 1'!B3 -> 99.98376 | C3: =100-'Data 1'!C3 -> 99.99844 | D3: =100-'Data 1'!D3 -> 99.96908
A4: 203 | B4: =100-'Data 1'!B4 -> 99.98018 | C4: =100-'Data 1'!C4 -> 99.99733 | D4: =100-'Data 1'!D4 -> 99.96303
A5: 204 | B5: =100-'Data 1'!B5 -> 99.97728 | C5: =100-'Data 1'!C5 -> 99.99568 | D5: =100-'Data 1'!D5 -> 99.95887
A6: 205 | B6: =100-'Data 1'!B6 -> 99.97449 | C6: =100-'Data 1'!C6 -> 99.99388 | D6: =100-'Data 1'!D6 -> 99.9551
A7: 206 | B7: =100-'Data 1'!B7 -> 99.97158 | C7: =100-'Data 1'!C7 -> 99.99228 | D7: =100-'Data 1'!D7 -> 99.95088
A8: 207 | B8: =100-'Data 1'!B8 -> 99.96864 | C8: =100-'Data 1'!C8 -> 99.99067 | D8: =100-'Data 1'!D8 -> 99.94661
A9: 208 | B9: =100-'Data 1'!B9 -> 99.96595 | C9: =100-'Data 1'!C9 -> 99.98881 | D9: =100-'Data 1'!D9 -> 99.9431
A10: 209 | B10: =100-'Data 1'!B10 -> 99.96365 | C10: =100-'Data 1'!C10 -> 99.98674 | D10: =100-'Data 1'!D10 -> 99.94057
A11: 210 | B11: =100-'Data 1'!B11 -> 99.96169 | C11: =100-'Data 1'!C11 -> 99.98476 | D11: =100-'Data 1'!D11 -> 99.93862
A12: 211 | B12: =100-'Data 1'!B12 -> 99.95996 | C12: =100-'Data 1'!C12 -> 99.98304 | D12: =100-'Data 1'!D12 -> 99.93687
... A1801: 2000 | B1801: =100-'Data 1'!B1801 -> 21.93098 | C1801: =100-'Data 1'!C1801 -> 34.92274 | D1801: =100-'Data 1'!D1801 -> 8.93921
